,SeniorCitizen,tenure,MonthlyCharges,TotalCharges,Churn_num
count,7032.0,7032.0,7032.0,7032.0,7032.0
mean,0.16240045506257111,32.421786120591584,64.79820819112628,2283.300440841866,0.26578498293515357
std,0.3688439967571051,24.545259709263256,30.085973884049842,2266.771361883145,0.44178171135255495
min,0.0,1.0,18.25,18.8,0.0
25%,0.0,9.0,35.5875,401.45,0.0
50%,0.0,29.0,70.35,1397.475,0.0
75%,0.0,55.0,89.8625,3794.7375,1.0
max,1.0,72.0,118.75,8684.8,1.0
